{
    "rmse": 0.7855107212256978,
    "mae": 0.6443558196314906,
    "r2": 0.060519823134991824
}